Content,Video title,Video publish time,Duration,Views,Watch time (hours),Subscribers,Impressions,Impressions click-through rate (%)
Total,,,,181588,243.645,97,50929,1.68
UWQNrpakgcA,Consistency is the key #viralshorts #trending #consistency #key #motivation #ytshorts,"Aug 28, 2025",9,30331,45.8772,14,456,3.51
bCDnDtsTHAk,Forget the Pain....... #trending #ytshorts #motivation #forgetyourememberlove #shorts,"Aug 29, 2025",15,5051,10.236,3,316,4.75
mx7T928-TGs,Power of brain #ytshorts #trending #viralshorts #shorts,"Sep 18, 2025",54,4717,26.2948,3,173,1.16
_hVP92r3z3I,✨Life sounds good 😊#trendingshorts #ytshorts #lifelessons #motivation 🧬🧬🧬🧬🧬,"Sep 4, 2025",12,4364,8.3003,3,254,2.36
2imBUt8eZaI,Trending new viral shorts #ytshorts #motivation #trending #viralshorts #shorts,"Sep 29, 2025",5,4010,3.7119,2,215,1.86
atUiReJlleM,Best Moment for every students || Students Life#  truelinemotivation#bestmoments #ytshorts  🧬🧬🧬🧬🧬,"Aug 29, 2025",21,2943,5.7079,1,194,2.06
y2JHFtq9ams,💢💯💯 True Lifeline of Vivekanand Ji 🙏🙏#truelifeline #viralshorts #ytshorts #motivation #shorts,"Sep 1, 2025",5,2510,2.9471,3,172,0.58
Urz8OAqkBvU,Self choose your path... #trending #viralshorts #ytshorts #trending #ytshorts #motivation #shorts,"Oct 9, 2025",6,2226,2.4439,1,230,2.61
BTpXzGw5YO0,Trending Trueline Motivational Video #treading #ytshorts #viralshorts #motivation #shorts,"Sep 1, 2025",5,2207,2.1385,1,156,1.28
Posnyxj3CdQ,🕑⏰Value Of Time #ytshorts #motivational #shorts #value of time #shorts 🕑🕑,"Aug 27, 2025",6,1957,2.2752,0,182,0
C0AYcdWzRO4,🔥💯💯💢 True Lines Of Life#reality of life#ytshorts #treanding #shorts  🧬🧬🧬🧬,"Aug 16, 2025",8,1957,2.3236,0,158,1.27
lEmZXizhPbk,Life is the best teacher...#motivation #life #viral #shorts,"Mar 8, 2026",13,1933,1.5375,1,210,3.81
iRuk5T0EQ5w,Life is full of problems....#lifelessons #trending #viralshorts #ytshorts #motivation,"Mar 4, 2026",7,1880,1.6716,1,212,2.36
PW4UZO3V9QE,Every moment is precious || Power of time #trendingshorts #ytshorts #motivation,"Sep 4, 2025",6,1857,1.6742,0,257,1.95
ex6uWvwk3k0,Power of Mind...#trendin #ytshorts #viralshort  #inspirationalquotes,"Dec 1, 2025",5,1744,1.58,9,264,2.65
spEEZrdkeVw,Power of money 💰 💰#trending #ytshorts #motivation #shorts,"Apr 23, 2026",13,1690,1.4237,0,132,2.27
oN27dk_K1eE,Growth doesn't happen... || Lifelession #trending #ytshorts #motivation #shorts,"Mar 18, 2026",13,1649,1.7385,1,178,0.56
O0zvFK_Zo_o,Human || Power of human #viralshorts #trending #ytshorts #powerfulmotivation #shorts,"Oct 5, 2025",5,1595,1.7226,2,245,1.22
YlbkS6wRG_c,APJ Abdul Kalam Quotes|| Don't compare#trending #ytshorts #motivation #shorts,"May 3, 2026",13,1582,1.5985,2,130,1.54
vT9cTZDarmQ,True Lifeline Motivational Quotes #trending #ytshorts #shorts #motivation,"Oct 2, 2025",4,1571,1.1506,0,181,0
YDkGmZ1BDRM,💢🔥Always believe yourself 💯💯#viralshort #trending #believe #ytshorts #motivation,"Aug 29, 2025",15,1523,1.7548,3,160,1.88
JhZkAPwi3NA,when life gives you a hundred reasons .......#viralshorts #trending #ytshorts #motivation,"Mar 10, 2026",13,1432,1.6503,2,170,0.59
jIHfIDOlgms,motivational quotes || Lifelession #trending #quotes #motivation #shorts,"May 6, 2026",13,1399,1.2,1,113,0
itzhcE5EKhw,Struggle || Lifelession #ytshorts #struggle #motivation #shorts,"Mar 21, 2026",13,1397,1.1853,1,344,0.87
Nbl2ntIqlc8,Future #treding #ytshorts #viralshorts #motivation #quotes,"Mar 12, 2026",13,1357,1.4718,1,178,1.12
k1KzXUI91QE,Sacrifice......|| Lifelession #trending #ytshorts #motivation #viral #shorts,"Mar 20, 2026",13,1344,1.0677,0,170,0.59
FJ_87ZcEu4I,If peace in your life #trending #peace#ytshorts #viralshorts #ytshorts #shorts 🧬🧬🧬🧬🧬,"Sep 20, 2025",6,1286,0.9387,0,231,2.16
2epGMav5bq4,🔥💯💯 Treading Trueline Motivational Video || Reality Of Life#ytshorts #treading #shorts  🧬🧬🧬🧬🧬🧬🧬,"Aug 27, 2025",5,1266,1.007,0,142,0.7
iHt5QEmgcps,Trust........ || Lifelession #trending #viralshort #viral #shorts #quotes #motivation,"May 19, 2026",13,1255,1.3549,3,105,0.95
NYgJj6qDGjE,New viral trending shorts #trending #viralshorts #ytshort#motivationalquotes #shorts,"Oct 9, 2025",5,1253,1.1978,1,218,2.29
AgYQzeAYILU,Believe in Karma...#viralshorts#trending #ytshorts #karma #motivation,"Oct 16, 2025",5,1228,0.9517,0,221,1.36
6bOeNtOA6Wg,Try to best way of learning #trending #ytshorts #motivation  #shorts,"Oct 7, 2025",5,1203,1.0433,0,203,1.48
ZMQSNBCjgDY,COMMING SOON 9 AUGUST 2025 || Biggest Festival Of India#treanding #viralshort#2025shorts #ytshorts,"Aug 8, 2025",15,1180,2.3421,0,198,4.04
JGfARoAPXSQ,Every soul shall taste death and return....#viralshorts #truelifeline #ytshorts #shorts,"Sep 30, 2025",20,1177,2.4106,0,210,1.43
PnjIr89gzKg,True Lines of Life#viralshorts #ytshorts #motivation #shorts  🧬🧬🧬🧬,"Oct 7, 2025",7,1159,1.2252,0,192,1.56
kDNH6MZS6oM,Lifelession #trending #ytshorts #youtube #motivation #quotes,"Mar 10, 2026",13,1155,0.9712,1,159,2.52
8_KsczIBpAE,Matalbi #trending #viralshorts#matalbi #ytshorts #shorts,"Sep 8, 2025",36,1154,2.2909,2,128,0.78
woIBTZ-BuoM,🔥💯💯 True Lifeline Motivational ||lifeline #trending #ytshorts #shorts #motivation,"Oct 4, 2025",6,1148,1.2426,0,454,1.54
9ucI_4GY7kg,SIX MONTHS OF HARDWORK #trending #viralshorts #hardwork #ytshorts #motivation,"Sep 13, 2025",7,1115,0.9698,4,200,2
Inwaor0ACPI,🌟Best Motivation Video for every students 🌟#trending #ytshorts #viralshorts #motivation,"Sep 4, 2025",14,1110,1.2287,0,155,5.81
EU_57hw-ad0,Reality of life || Trueline Motivation  #trending #ytshorts #motivation #shorts 🧬🧬🧬🧬🧬,"Oct 4, 2025",6,1106,0.9739,0,208,0.96
HbJmApuOLXk,Every day may not be good...#trending #viralshorts #ytshorts #motivation,"Mar 11, 2026",13,1104,0.9566,1,152,1.97
AxnmWXQbV1I,Life is a journey... || Life lessons #trending #viral #ytshorts #motivation,"Mar 7, 2026",13,1094,0.8021,1,208,0.96
K9wrtX0G1vw,True Lines Of Life #reality #treading #ytshorts #shorts,"Jul 17, 2025",44,1067,4.12,1,251,0.4
w0iX5f6Qk2c,Trending diwali viralshort #trending #viralshorts #ytshorts #motivation #shorts,"Oct 19, 2025",6,1065,0.9799,0,241,2.07
cFRXwLz3w8A,💢💯💯 Reality Of Life #ytshorts #trendingshorts #motivation #shorts,"Sep 5, 2025",17,1046,1.291,0,199,2.51
YITKDRiMEw4,one smile can start a Friendship.....#trending #quotes #viral #shorts,"Mar 19, 2026",13,1036,1.2691,1,160,0.63
jO731k7Ty8U,Don't lose a full book || Lifelession #changeyourmindsetchangeyourlife #shorts #motivation,"Mar 19, 2026",13,1034,0.9546,0,156,1.92
SttZxaf8BtY,Meaning Of Navratri..... #trending #viralshorts #ytshorts #navratri #shorts,"Oct 1, 2025",8,1029,1.6635,0,198,2.02
wdzFj8ee2_I,True line of life #truelifeline #viralshorts #shorts #ytshorts #motivation  🧬 🧬🧬🧬,"Sep 21, 2025",5,1002,0.9367,1,137,0.73
XLl7cansLjg,5 important tips #trending #viralshorts #ytshorts #important #shorts,"Jun 13, 2025",7,990,0.9619,2,180,0.56
P46BOojsC6s,🔥💯💯 Trueline Motivational Video #trending #ytshorts #studymotivation #shorts,"Sep 26, 2025",5,981,0.871,1,219,2.28
9VLdGj3VSI8,Make yourself happy....#viralshorts #happy #trending #ytshorts #motivationalquotes,"Mar 8, 2026",13,981,0.4605,0,165,0.61
zO1WdnSgLGQ,Trueline Motivational Video #treading #viralshorts #ytshorts #motivation,"Sep 7, 2025",8,956,0.9199,0,135,2.22
cMGSgXJ2prk,silence is the best answer.... #viralshorts #ytshorts#silence#changeyourmindsetchangeyourlife,"Mar 9, 2026",13,947,0.9406,1,165,1.82
8L6rlCI2nTc,No one starts perfect.... || Lifelession #trending #ytshorts #motivation #shorts,"Mar 18, 2026",13,947,1.0377,1,177,0
wBFUhLbUm8I,Education is the best friend....#trending #viralshorts #ytshorts #motivation #shorts,"Apr 10, 2026",13,929,0.9871,0,177,2.26
aXKsiujKgc0,Nothing is in relationship ||Reality Of Life#trending #viralshorts #ytshorts #motivation#shorts 🧬🧬🧬🧬,"Oct 7, 2025",5,921,0.8368,0,201,1.99
NnzbrqSNQOI,Always be ready to survive alone........|| Lifelession #trending #quotes #ytshorts #motivation,"May 18, 2026",13,910,0.7877,0,102,0
BxJtbWM6q_I,Never Give up #trending #ytshorts #nevergiveup #inspirationalvideos #motivation,"Sep 6, 2025",9,886,0.8762,0,143,1.4
pQ9txXwFpJ4,Study Motivation Video || Hardwork #trending #viralshorts #ytshorts #shorts #motivation,"Sep 28, 2025",33,864,1.2944,1,160,0
BrEybFLiZAE,Lifelines trending viralshort #trending #ytshorts #lifelessons #motivation #shorts,"Sep 28, 2025",8,828,0.7848,0,227,2.64
zgeBJp77roo,Trending Trueline Motivational Video #trending #ytshorts #motivation #shorts,"Sep 9, 2025",8,821,0.936,0,141,0.71
1HOMHdrj1g0,🌎 90%People in the world #viralshorts #ytshorts #trending#motivation  #shorts 🌎🌎🌎🌎,"Sep 12, 2025",10,794,0.9659,3,150,0.67
j6Tv_ZEmu04,🔥💯💯 Dream || Success#ytshorts #motivation  #changeyourmindsetchangeyourlife #shorts,"Mar 20, 2026",13,780,0.3625,0,139,2.88
V5fBV_souAQ,Life is not easy...  || Life Lessons #trending #viral #ytshorts  #changeyourmindsetchangeyourlife,"Mar 3, 2026",7,772,0.5497,0,227,1.32
beAElZwVMmc,Life Lesson|| DECISIONS DECIDE DESTINY #truelifeline #ytshorts #motivation #shorts,"Sep 12, 2025",18,753,1.2908,0,158,2.53
JuBPGbs1Wps,Apj abdul kalam motivational quotes...#viralshorts #trending #ytshorts #motivation,"Apr 22, 2026",13,753,0.6403,2,132,0.76
gwVPrrO8_-o,🌼🌸New nauratri trending viralshort #ytshorts #trending #shorts,"Sep 22, 2025",13,749,0.9993,2,177,2.26
4PZUFsdlKbI,Quotes about life || Lifelession #viralshorts #trending #viral #motivation #shorts,"May 3, 2026",13,695,0.544,0,110,0
ZSVGEes-4I0,Successful motivational video #trending #viralshorts #ytshorts #success #motivation,"Sep 18, 2025",9,695,1.764,2,219,1.37
KcxNSlbyGsc,sometimes.... || Life lessons #viralshorts  #viral #ytshorts #motivation #shorts,"May 1, 2026",13,652,0.4575,0,118,0.85
 -i5vAKwX_bY,Life is unexpected journey || Lifelession #trending #viralshorts #ytshorts #motivation,"Mar 5, 2026",7,634,0.4615,0,194,1.03
i5S1W40qNaY,1 % better every single day.....|| Lifelession #trending #ytshorts #motivation #shorts,"Apr 2, 2026",13,569,0.4841,0,144,0.69
6MY4dKOA25E,Your only competition is you......#trending #viralshorts #ytshorts #motivation #shorts,"Mar 26, 2026",13,566,0.3086,1,149,0.67
wGl6goVDgm4,Life is a book.......#trending #ytshorts #life #motivation,"Apr 30, 2026",13,547,0.4221,0,120,0
PRoduj7uTew,"No risk, no story.....|| No struggle, no glory....#trending #ytshorts #motivation #shorts","Mar 24, 2026",13,491,0.2806,1,132,2.27
aKWKX5Znn-Q,Life is very complicated.... || Lifelession #trending #ytshorts #motivation #shorts,"Mar 6, 2026",13,488,0.4116,0,209,0.48
esu0zCghcYA,Push yourself beyond your limits......|| Lifelession #trending #ytshorts #motivation #shorts,"Mar 23, 2026",13,476,0.3191,0,116,0
bZ74--u7OaQ,Start where you are.....|| Lifelession #star #trending #changeyourmindsetchangeyourlife #shorts,"Mar 26, 2026",13,472,0.3325,0,151,3.31
jYzpt0zvqXs,Delete negative people.....|| Lifelession #trending #ytshorts #motivation #shorts,"Mar 27, 2026",13,431,0.2874,0,131,0
Sbow0QiFGiA,Focus || Lifelession #trending #viralshorts #ytshorts #motivation #shorts,"Mar 21, 2026",13,429,0.2403,0,134,0.75
eEim1YSBUFM,Don't wait for the perfect moment......|| Lifelession #trending #ytshorts #motivation #shorts,"Apr 1, 2026",13,425,0.3056,0,146,0
1TDBWyQIIF0,Wake up with determination....|| Lifelession #trending#viralshorts #changeyourmindsetchangeyourlife,"Mar 24, 2026",13,413,0.2887,0,147,0
jOIOGsa6bp4,Every day is special......|| Lifelession #trending #ytshorts #motivation #shorts,"Apr 21, 2026",13,399,0.3456,0,134,0
DmIyNL-6f4U,Always Remember.....|| Never change your decision...#trending #ytshorts #viral #shorts,"Mar 30, 2026",13,399,0.3464,1,139,0.72
0RChgQ9CFXY,God plan is always the best.... || Lifelession #trending #viralshorts #ytshorts #motivation,"Mar 15, 2026",13,393,0.3681,0,160,0.63
EOfxNAH5l_o,Most people will ignore this.......#trending #viral #motivation #shorts,"Apr 8, 2026",13,389,0.2788,0,123,1.63
4LEPJZRokzU,Never get too attached to anyone....|| Lifelession #trending #ytshorts #motivation #shorts,"Apr 13, 2026",13,386,0.4165,0,141,1.42
Avt1v4G7kcc,Lifelession Motivation|| Life changing motivation #trending #viral #shorts,"Apr 3, 2026",13,370,0.2404,0,119,0.84
RhGGLlDRAzM,99 % people will ignore this.....|| Lifelession #trending #viral #motivation #shorts,"Apr 3, 2026",13,367,0.2865,0,123,1.63
2ConkehCy3c,Success is not final...... || Lifelession #trending #viral #ytshorts #motivation #success,"Mar 18, 2026",13,367,0.3948,0,176,1.7
tbE69znPe0o,🪙Life is like a coin 🪙|| Lifelession #trending #viral#quotes  #changeyourmindsetchangeyourlife,"May 21, 2026",13,360,0.3137,0,115,0.87
vUuo1GXDRcw,"Every day is new chance to grow..,..#trending #ytshorts #motivation #quotes #shorts","Mar 20, 2026",13,351,0.226,1,134,0.75
0R3kfmTRfX4,True Line Motivational Quotes || Lifelession #trending #ytshorts #viralshorts #shorts #quotes,"May 16, 2026",13,349,0.2468,1,91,1.1
cl7TtHDf-zw,Wake up with a purpose.....|| Lifelession #trending #ytshorts #motivation #shorts,"Mar 22, 2026",13,348,0.2137,0,186,1.08
aALNEHkTTM8,You're not tired......#trending #quotes #viral #motivation #shorts,"Apr 7, 2026",13,340,0.2222,0,122,0
S0z6_TYXzvM,Self Confidence.....#trending #ytshorts #viral #motivationalquotes #shorts,"Mar 19, 2026",13,338,0.3385,1,180,0.56
FEamnaYdWkc,Do something today........|| Lifelession #viralshorts #trending #quotes #shorts,"May 12, 2026",13,288,0.2043,0,111,4.5
hj9OjoAl7z4,No motivation? Still show up......#trending #viralshorts #ytshorts #motivation #shorts,"Apr 2, 2026",13,282,0.1002,0,146,1.37
sevhxsnFOWI,Wait don't scroll........|| Lifelession #trending #viral #shorts #motivation,"Apr 5, 2026",13,278,0.1472,0,115,1.74
BLHavFphqog,No one believe in your......|| Lifelession #trending #ytshorts #motivation #shorts,"Apr 9, 2026",13,278,0.1283,0,123,1.63
HhE3na0CBgQ,Action is the  foundational key to all success......#action #foundational #ytshorts #motivation,"Mar 9, 2026",13,272,0.1299,0,166,1.81
J5YewaanEYw,Dream....|| Lifelession #viralshorts #trendingshorts #ytshorts #motivation #shorts,"Mar 25, 2026",13,272,0.152,0,131,1.53
MIxeUKqvkkk,Education.........|| Powerful weapon #trending #ytshorts #motivation #education #shorts ,"Apr 19, 2026",13,267,0.164,0,117,0
U2NGdDbrVcI,Silence and Smile are two power full tools....... #trending #ytshorts #motivation #shorts,"Apr 27, 2026",13,261,0.157,0,136,2.21
8BcHrIEI4Nw,The future depends on what you do today.........#viralshorts #motivationalquotes #shorts #quotes,"May 10, 2026",13,247,0.2125,1,110,0.91
T3PX4BAT_fA,🔥💯💯Start small but think big......#trending #viralshorts #motivation #shorts,"Mar 22, 2026",13,244,0.122,0,119,0.84
WA1sD3Ud7MQ,Secret of Mind......#trending #viral #motivation #shorts,"May 9, 2026",13,234,0.1106,0,104,0
ZXN4WYuzbQY,🔥🔥 Discipline Over Motivation #viralshorts #trending #ytshorts #motivation #shorts,"Jun 4, 2026",13,218,0.1015,0,43,2.33
Ex8sED0K8FY,Small steps.......|| Lifelession#trending #ytshorts #shorts,"Mar 23, 2026",13,218,0.1208,0,120,1.67
JhMCIvwk9R0,✨All sacrifices for one smile ✨|| 🆕 True Line Motivation Video #trending #motivation #ytshorts_,"Nov 14, 2024",13,217,0.3634,0,615,5.53
EdyMORuL-Wc,Pain is temporary...... || Lifelession Quotes #trending #quotes #ytshorts #shorts,"May 24, 2026",21,215,0.1704,0,104,0.96
Aj2FBXcxLuk,You don't need perfect conditions to start......|| Lifelession #conditions #star#quotes #motivation,"May 30, 2026",13,213,0.1349,0,70,5.71
DrKNWf39XVc,Be silent in these 3 things || Lifelession #inspiration #silent #motivation,"May 22, 2026",27,208,0.2616,0,122,13.11
0MctoCkV9V4,Work #trending#viral #ytshorts  #changeyourmindsetchangeyourlife #shorts,"Apr 22, 2026",13,202,0.1762,0,122,0
UnriIlK7iEY,Time.........|| Lifelession #trending #ytshorts #viralshorts #viral #motivation #shorts,"May 5, 2026",13,200,0.1555,1,100,1
ZjoJuAYQ_qU,🔥💯💯 Benefits of Team Work ||  Motivational Video #viral #trending #team work#ytshorts 🚧🚧🚧,"Apr 24, 2024",7,194,0.2072,0,1114,2.06
7PEFDTT_H68,Don't Compare.... || Lifelession #trending #ytshorts #motivation shorts,"Mar 13, 2026",13,191,0.1185,0,157,0.64
UvYXvoxqcTg,Life is an experiment... || Lifelession #trending #viralshorts #ytshorts #motivation,"Mar 6, 2026",13,189,0.2027,1,187,1.07
CCysowpsij8,Best advice for every girl #trending #truelifeline #truemotivation #ytshorts #motivation #shorts,"Jun 11, 2025",37,181,0.9418,0,168,5.36
ZC_4nd1rrgs,🔥💯💯 Power Of Education || Success Motivation Video #power#education #successmotivation #ytshorts,"Dec 23, 2024",12,174,0.2086,0,1067,2.16
KLmQ5O6PzvY,"No shortcuts, only hard work......#trending #ytshorts #motivation #shorts","Mar 21, 2026",13,172,0.1106,1,138,2.17
t2yej8uv6pU,Wait.... don't skip this.....|| Lifelession #trending #viralshorts #motivation #ytshorts #shorts,"Apr 4, 2026",13,171,0.1408,0,122,0.82
2fmLlihpZGY,Knowledge......|| Lifelession #quotes #trending #motivation #shorts,"May 6, 2026",13,166,0.1092,0,99,1.01
nCnYDd0t1uw,Two things define you........#trending #ytshorts #shorts #motivation,"May 9, 2026",13,161,0.1028,0,106,0.94
HuUfM66eKbQ,Work hard in silence.....|| Lifelession #trending #ytshorts #motivation #shorts,"Apr 1, 2026",13,154,0.0832,0,146,1.37
2t-QUVQNLpY,Discipline Will Change Your Life 🔥|| Discipline == Success 💪 #discipline#motivation #studymotivation,"May 23, 2026",105,150,0.4177,0,116,11.21
Boi5e8UwLEU,"Success is built on daily habits, not one - time efforts.#trending #viralshorts#ytshorts#motivation","Mar 17, 2026",13,149,0.0792,0,164,0.61
syXzJutrQdM,Nobody is coming to save you.....#trending #viral #shorts #ytshorts,"Apr 6, 2026",13,142,0.0621,0,128,1.56
aif7sEfGmq8,Your mindset is your greatest power....#trending  #ytshorts  #motivation #shorts,"Mar 17, 2026",13,139,0.0711,0,154,0
PunlxC5Gwbg,Quotes || Thoughts || Lifelession #trending #ytshorts #quotes #trending #viral #shorts,"May 20, 2026",13,134,0.1026,0,98,1.02
A66B0bRo5Kw,Dream big....... ||  Work hard......#trending #quotes #ytshorts #motivation #shorts,"May 23, 2026",21,133,0.0567,0,91,0
Bc8krJg9_l8,Hard day's || Lifelession #trending #ytshorts #motivation #hard #days #shorts,"Mar 22, 2026",13,121,0.0843,0,109,0.92
K3-H3HA55yg,Life has no remote....|| lifelession #motivation #trending #viral #shorts,"Mar 5, 2026",19,120,0.0723,0,201,1.99
7LhK0buGt-o,Respect || Lifelession #trending #viralshorts #viral #motivation #ytshorts,"Apr 16, 2026",13,119,0.1094,0,110,1.82
YWOCucv0NzI,Every day is a new chance to grow.....#trending #viralshorts #ytshorts #motivation,"Mar 23, 2026",13,114,0.0547,0,110,0
uSr_Rxbi_xs,Your dreams need your effort.......|| Lifelession #trending #ytshorts #motivation #shorts,"Apr 1, 2026",13,111,0.0932,0,132,0.76
M8Y1vegPcqI,🔥💯💯🆕 Success Motivation Video #viralshorts #treading #ytshorts #success #motivation,"Mar 3, 2025",17,107,0.241,0,305,1.64
JjR1WOBiefg,🔥💯💯⚡Motivational video #viralshorts #ytshorts #trending #shorts,"Mar 1, 2026",11,100,0.0641,0,245,0.82
1D7yE1C4mcI,Never give up.......|| Lifelession #trending #ytshorts #shorts #motivation,"Mar 26, 2026",13,99,0.0688,0,127,0
B_znU0ahVqc,Quotes about Life || Lifelession #trending #ytshorts #quotes #shorts #motivation,"May 22, 2026",13,97,0.0815,0,116,1.72
ro_ZTzEuxq0,Most Powerful Motivational Quotes || Lifelession #trending #ytshorts #viralshorts #quotes #shorts,"May 11, 2026",13,96,0.059,0,102,0.98
O3WZaK9NHZs,look at the sky.....|| Lifelession #trending #ytshorts #viral #shorts,"May 4, 2026",13,94,0.0569,0,109,0
26WFYW0eUl8,Smile....|| Lifelession #viralshort #trending #ytshorts #motivation #shorts,"Jun 2, 2026",13,94,0.0559,0,63,1.59
Db02OHsG4ko,💻🖥Deen Dayal UPADHYAY # Gorakhpur University ||computer lab 👩‍💻👨‍💻,"Apr 7, 2023",40,84,0.1749,0,568,5.28
KUIoHg-c-Ic,🌟Self confidence 🌟 Powerful motivational quotes in english #trending #viralshorts #ytshorts #shorts,"Apr 18, 2026",13,83,0.0619,0,109,1.83
KvQZOMlkOU0,Quotes about Life|| Life Lifelession #viral #quotes #trending #shorts #motivation 🧬🧬🧬🧬,"May 31, 2026",18,80,0.0444,0,62,4.84
_LuZQ_dDAIo,🔥💯💯 Your struggle......|| Lifelession #trending #viral #shorts #motivation,"Mar 24, 2026",13,78,0.0315,0,123,1.63
FdkDNrpzAmI,Best Time For Study||Scientific Research #time #motivation  #scientific#reseach #studymotivation,"Dec 11, 2024",12,65,0.1057,0,438,1.6
3VJOY7l7mAI,Education...|| Lifelession #trending #ytshorts #education #motivation,"Mar 14, 2026",13,62,0.0301,0,154,0
dH9rC_4n4mU,Self confidence.....|| Lifelession #viral #trending #ytshorts #shorts,"May 15, 2026",13,59,0.0339,0,81,0
VDgQxv3eHJE,Life always offer you.... || Lifelession #viralshorts #ytshorts #motivation,"Mar 5, 2026",19,54,0.0423,0,201,0.5
INMb7vXa5UI,🔥💯💯 Believe yourself || True Line Motivation Video #believe #yourself #motivation #ytshorts #shorts,"Dec 29, 2024",12,39,0.05,1,237,2.53
Q0621f_FYG0,🔥💯💯 🆕 Trueline Motivational Video||   Struggle|| Enjoy your life #struggle #enjoylife #motivation,"Dec 17, 2024",8,31,0.0583,0,42,2.38
8bVi_YE7v3o,🔥💯💯🆕 Success Motivational Video #truelifeline #trending #ytshorts #shorts #motivation,"Jun 7, 2025",9,27,0.0413,0,299,0.33
YTc8xXWrTp0,🎶Power of music 🎶 || Trending Viral Shorts #ytshorts #power#music #shorts 🎶,"May 16, 2025",9,25,0.0563,0,283,0.71
49jKztXcx1w,Reality of Life #trending #viralshort #ytshorts #reality  #motivation,"Jun 5, 2025",7,22,0.0238,0,113,0
Z5-jrgHUTHI,From ₹50 to Data Analyst Job || Motivational Story#DataAnalyst #Success#Motivation#Excel#SQL#PowerBI,"May 27, 2026",212,21,0.3243,0,149,9.4
NsEvbLmN94c,What is real facts ???? #trending #viralshort #ytshorts #shorts,"May 28, 2025",8,20,0.0342,0,87,0
xa9dFHBFJFk,Success Motivational Video #success #trending #viralshort #ytshorts #motivation,"May 28, 2025",5,19,0.022,0,106,0
DcEU02j_SJs,Reality of Life........#trending #ytshorts #viral #shorts #motivation,"Apr 25, 2026",13,19,0.0075,0,131,0.76
1eYynqIQhXM,Never compare yourself with anyone || Trueline Of Life #compare #yourself #ytshorts #motivation🧬🧬🧬🧬🧬,"Feb 14, 2025",6,19,0.026,0,68,5.88
iW1dyX284IY,Only you know what you've truly been through! #viralshorts #trending #ytshorts #motivation,"Feb 24, 2025",14,18,0.0273,0,89,6.74
oeFvnBaZ63w,Never give up #trending #viralshorts #ytshorts #motivation 🧬🧬🧬🧬,"May 30, 2025",5,18,0.0165,0,87,1.15
RS_j5MaQLac,Imagine yourself......|| Lifelession #trending #ytshorts #motivation #ytshorts #shorts,"Apr 4, 2026",13,17,0.0072,0,118,0
cNZ0U3FbHPo,Life is not about finding yourself....#trending#ytshorts#motivation#changeyourmindsetchangeyourlife,"Mar 6, 2026",7,17,0.01,0,181,0
z7IXDjJ1BD4,Life true lines || True life lines #trending #viralshort #ytshorts #life 🧬🧬🧬🧬🧬🧬,"May 28, 2025",5,17,0.0215,0,85,0
3bGQHkBfAzU,Self-respect and Identity #trending #viralshort #ytshorts #shorts,"Jun 2, 2025",12,17,0.0279,0,107,1.87
Nug1gwFOHdg,🔥💯💯 Motivational Video For 16 to 27 Age #Trueline #trending #motivation #ytshorts #shorts,"Aug 27, 2024",7,16,0.0159,0,107,4.67
zAlerf9E8L4,Trueline Of Life #viralshort #truelifeline #trending #ytshorts #motivation,"Jun 6, 2025",7,16,0.0159,0,117,0
Qz0vrwlV0hE,speaks 5 lines in every morning 🌅🌄 # 5 lines #everymorning #ytshorts #motivation #shorts,"May 15, 2025",17,16,0.0371,0,93,2.15
GxBxKr9NRSE,Life is a  book 📚|| Lifelession #trending #viralshorts  #changeyourmindsetchangeyourlife,"Mar 4, 2026",7,15,0.0096,0,209,0.48
oDr53WiULkI,Pain is Part of the Journey......|| Lifelession #viralshorts #trending #ytshorts#motivation #shorts,"Jun 10, 2026",13,15,0.0325,0,41,17.07
FkzZxnAlDw4,🔥💯💯🆕 Trueline Motivational || Always be happy 😊😊#trending #ytshorts #shorts,"May 27, 2025",6,14,0.0134,0,82,1.22
IAlO1Ay5-x8,🔥💯💯 Trueline Motivational Video #truelifeline #ytshorts #motivation #shorts,"May 17, 2025",8,12,0.014,0,82,0
a_O5x5BAJ1E,🌄☀️good morning 🌄 || trending viral shorts #trending #ytshorts #goodmorning,"May 9, 2025",5,12,0.0111,0,76,0
jtQFVMoWULg,🔥💯 five important rules of study #motivation #trending #ytshorts #important #rules #study,"Oct 23, 2023",30,12,0.0264,0,54,3.7
2hN07Q1lrJU,Treading Viral Shorts #treading #truelifeline #viralshort #ytshorts #motivation,"Jun 3, 2025",12,12,0.0175,0,98,0
tJvX8i9xFmY,Believe In Your Self || True life lines#trending #viralshorts #motivation #ytshorts #shorts  🧬🧬🧬🧬🧬🧬,"May 29, 2025",39,11,0.027,0,83,0
7DEv_arxhP0,New Trueline Motivational Video #trending #viralshort #motivation #shorts,"Apr 16, 2025",5,10,0.0129,0,104,0
qSiYZz90G3U,📖Papa Ki Diary Ne Sach Bata Diya |  Emotional Father Story#motivation #fatherlove #emotionalstory ,"Jun 11, 2026",265,10,0.058,0,69,10.14
5ArQ4qOU2eI,🔥💯💯🆕Trending Viral Shorts || Trueline Motivational Video #trending#viralshotrs#ytshorts #motivation,"Apr 24, 2025",5,10,0.0091,0,59,0
lN-cV0Cdi7A,New True Lines Motivational Video #ytshorts #motivation #shorts,"Apr 12, 2025",5,10,0.0113,0,58,0
8MS_B5_o_mk,🔥💯💯 🆕 Trueline Motivational Video #motivation #truelinemotivational #ytshorts_ #shorts,"Dec 18, 2024",6,9,0.0064,0,12,0
TtIfaLPQZ1c,🔥💯💯🆕 Trueline Motivational Video #viralshorts #treading #ytshorts #shorts,"Jan 10, 2025",5,9,0.0104,0,89,5.62
sZnKUZlgLzk,🔥💯💯 Dream || Treading #viralvideos #ytshorts #dream #motivation #shorts,"May 13, 2025",6,9,0.0076,0,90,0
PSmQiIGYVzQ,Trueline Motivational Video #treading #viralshort #ytshorts #motivation,"Apr 22, 2025",5,9,0.0065,0,65,3.08
rIOVtmjuHlY,What u think? # viralshorts  # trending # motivation #quotes #ytshorts ,"Feb 28, 2026",7,9,0.0133,0,343,1.17
LWzeHx4SbJ8,Trust Yourself #trending #viralshorts# ytshorts #motivation #shortsyoutube ,"Feb 25, 2026",6,8,0.0097,0,174,1.15
LA4B2VnEukY,Focus on your carrier || Success Motivation Video #carrier #success #trending#viralshorts #ytshorts,"Mar 5, 2025",11,8,0.0119,0,57,3.51
cZrqJ0lW408,True || True Line Motivational Video #trending #viralshorts #ytshorts ,"Feb 26, 2026",6,8,0.0087,0,334,0.3
A8LU6lnE67A,Reality of life #trending #viralshort #reality #lifelessons #ytshorts #motivation 🧬🧬🧬🧬,"Apr 17, 2025",5,8,0.0061,0,64,0
V4Q82xQa_eU,🔥💯💯💫🆕 Trueline Motivational Video #truelifeline #inspirationalvideos#ytshorts #truelinemotivational,"Jan 28, 2025",5,8,0.0093,0,17,0
qyY1IOjbmeY,Reality of life #truelifeline #treading #ytshorts #shorts #motivation 🧬🧬🧬🧬🧬,"Apr 21, 2025",5,8,0.0068,0,60,0
YgjMEpEjHNA,🔥💯💯New motivation video #Believe In Yourself#trending #ytshorts  #motivation #shorts,"Aug 26, 2023",7,8,0.0341,0,2,0
dHScXwwB9l8,🔥💯💯🆕 Trueline Of Life || Motivation Video #truelinemotivational #ytshorts #shorts 🧬🧬🧬🧬,"Jan 14, 2025",5,8,0.0091,0,36,5.56
kLdtB4X0r6c,🔥💯💯 Coming soon exam #exam #comingsoon #2025,"Dec 19, 2024",16,8,0.0141,0,46,4.35
EKT1FOW422Y,A Great Example of life....💯✅#truelifeline #ytshorts #motivation 🧬🧬🧬🧬🧬,"Feb 21, 2025",43,7,0.005,0,72,1.39
bgJgxL_5GNU,Never give up || Trueline Motivational Video #trending #viralshort #ytshorts #motivation,"May 7, 2025",15,7,0.0191,0,79,1.27
jT1-OPV-XTs,✨✅✅ Trueline Of Life #trueline#life  #motivation #ytshorts #shorts,"Nov 12, 2024",5,7,0.0076,0,153,0
LcgMN1DSKJc,🔥💯💯 Trueline Motivational Quotes #truelifeline #ytshorts #motivation,"Feb 19, 2025",8,7,0.0129,0,20,0
xhSzVPFcA6E,🔥💯💯 🆕 Trueline Motivational Video|| Success Motivation #truelifeline #successmotivation #ytshorts,"Dec 21, 2024",7,7,0.0118,0,24,0
5bk2XCtFsp4,🔥💯💯 🆕 Trueline Motivational Video For Everyone#trending #viral#everyone  #truelinemotivational,"Dec 15, 2024",6,7,0.0049,0,12,0
SXdc9HgQxfY,🔥💯💯  6 Rules of Life ||  True Lines Of Life #rules #lifelessons #ytshorts #motivation #shorts 🧬🧬🧬🧬🧬,"Jan 15, 2025",6,7,0.0037,0,37,0
dTXb8X76VIE,Shiv Most Powerful Mantra #trending #powerful #viralshorts #ytshorts #motivation,"Feb 26, 2025",19,7,0.0064,0,73,8.22
RgnkwP8wtGI,🔥💯New trending motivational video# Never give up #trending #ytshorts #motivation #shorts,"Aug 9, 2023",5,7,0.009,0,39,10.26
oRoBotoC_B8,🔥💯💯 New Trueline Motivational Video||Success Motivation #truelinemotivational #success #ytshorts,"Dec 26, 2024",15,6,0.0101,0,17,17.65
80P9hoodgJs,True Lines Of Life #truelifeline #viralshorts #trending #ytshorts #motivation 🧬🧬🧬🧬🧬,"Mar 3, 2025",5,6,0.0046,0,55,0
4olLYKP9Mtk,🔥💯💯 School....#trending #viralshort #ytshorts #motivation,"May 2, 2025",10,6,0.0065,0,75,0
dTpJNoUGh0I,🔥💯💯Rule of Intelligent Persons #trending #motivation #ytshorts #shots,"May 30, 2024",7,6,0.0062,0,5,0
ppkkNeXCgu0,📒📚📚Best Time To Study Motivational Video #trending #viralshort #ytshorts #study #motivation  📚📚📚📚,"Apr 13, 2025",19,6,0.0054,0,66,0
vnv4tAQIiPQ,🔥💯💯Reality of Life || lifeline trueline #motivation #reality #life #ytshorts #trending #shots,"Apr 8, 2024",7,6,0.0079,0,22,0
AFK_9mw4so0,🔥💯💯🆕 Trueline Motivational Video #truelifeline #truelinemotivational #trending#ytshorts 🧬🧬🧬🧬🧬🧬,"Feb 14, 2025",6,5,0.0022,0,8,0
QvXArpzrdlc,True Lines Of Life || Lifelii#trending #viralshorts #truelifeline #ytshorts #motivation,"Apr 2, 2025",7,5,0.0079,0,55,0
cw_2lBmOywo,True Lines Of Life #truelifeline#ytshorts  #motivation🧬🧬🧬🧬🧬,"Feb 25, 2025",11,5,0.0164,0,23,0
9AfUvccWOmI,Reality of life #truelifeline #trending  #viralshotrs #ytshorts #motivation  🧬🧬🧬🧬,"Mar 31, 2025",18,5,0.0101,0,59,3.39
Si5iOkP2UG0,viral shorts #trending #ytshorts #motivation #ytshorts #shorts,"Apr 28, 2025",6,5,0.0057,0,59,0
Rns59LsAd8c,Trueline Of Life #trending #viralshort #truelifeline #truemotivation #ytshorts #motivation 🧬🧬🧬🧬🧬,"Apr 18, 2025",5,5,0.0037,0,61,0
r975dxH3X9U,When universe has another plane for you#truelifeline#viralshorts #ytshorts #universe#motivation,"Mar 23, 2025",20,4,0.0111,0,66,0
NeuqWM-ZI3w,🔥💯💯 New Trueline Motivational Video #motivation #trueline #inspirationalvideos #ytshorts,"Nov 18, 2024",10,4,0.006,0,10,10
w35youfg7H8,🔥💯💯 Enjoy your life with smile #truelinemotivational #ytshorts #shorts,"Dec 25, 2024",5,4,0.0049,0,15,6.67
oYFIGKqmMaE,🔥💯💯Mainly Two Types of People || Trueline # ytshorts #motivation #shorts,"Apr 23, 2024",4,4,0.0032,0,14,7.14
NhSdPfqJ3HY,🔥💯💯 Trueline success  of Life #trueline #success #life #ytshorts #shots,"Apr 9, 2024",14,4,0.0063,0,13,0
a5nEQGpaW-0,🔥💯💯 SUCCESS DEMAND 6 THINGS || SUCCESS MOTIVATION VIDEO #successmotivation #ytshorts #shorts,"Dec 22, 2024",23,4,0.0089,0,58,0
CkRqovPBLtA,Power of confidence|| Success Motivation Video #viralshorts #trending #ytshorts #motivation,"Mar 6, 2025",6,4,0.0048,0,34,0
ZVaxOafF4hg,🔥💯💯 New Trueline Motivational Quotes #trending #trueline #motivation #viral #ytshorts #shorts,"Sep 15, 2024",6,4,0.0047,0,15,0
kaCEl19BUs8,Student Depression || Trending Viral Shorts #trending #ytshorts #viralshort#studentlife #motivation,"Mar 14, 2025",6,3,0.0002,0,57,0
8ZQZAu63cMs,🔥💯💯🆕 Trueline Of Life#trending #truelifeline #viralshorts  #ytshorts#motivation   🧬🧬🧬🧬,"Feb 18, 2025",16,3,0.0106,0,14,7.14
SwerViMbY5E,🔥💯💯🆕 Trueline Motivational Video|| Success Motivation #trueline#success #motivation #ytshorts,"Dec 27, 2024",6,3,0.0043,0,18,5.56
xnpfu4F1Xkw,True Lines Of Life #truelifeline #ytshorts #trending #viralshorts #motivation 🧬🧬🧬🧬🧬,"Mar 6, 2025",7,3,0.0029,0,41,0
zb2oHYJ4Vwk,🔥💯💯 Trueline Of Life || Powerful Motivational Video #trueline #lifequotes #ytshorts #shortvideo,"Oct 24, 2024",11,3,0.0019,0,15,0
D8j4sJU7vh0,🔥💯💯 New Trueline  Powerful Tips for everyone || Important Tips #powerful #tips #motivation #shorts,"Apr 11, 2024",7,3,0.005,0,74,1.35
nU_TE-34KS8,🔥💯💯 Be Happy || true lines of life#happy#viralshorts  #truelifeline #ytshorts #shorts  🧬 🧬 😊😊,"Jan 7, 2025",7,3,0.0048,0,15,0
RM3dYJZbpQA,New motivation video #viral #trending #short video #motivation,"Jul 5, 2023",6,3,0.0039,0,11,9.09
RRklajcnnRY,🔥💯💯Upsc Topper Timetable|| Upsc Lover #upsc#topper #upsclover #motivation #ytshorts,"Apr 13, 2024",6,3,0.0029,0,23,0
ni0k0mdWpbw,🔥💯💯 New Trueline Trending Motivation Video  #trending #trueline #motivation #inspirationalvideos,"Sep 17, 2024",5,3,0.0018,0,8,0
K34hVGdGKzI,🔥💯💯Duniya ka sabse khubsurat rishta#truelifeline #trending #viralshorts #ytshorts #shorts 🧬🧬🧬🧬,"Jan 15, 2025",17,3,0.0064,0,26,3.85
cKJIzWWoGu4,🔥💯💯🆕 Trending True Lines Of Life #truelifeline #viralshorts #ytshorts #motivation 🧬🧬🧬🧬🧬,"Mar 7, 2025",11,3,0.0059,0,44,2.27
0m7EKGhQDtk,🔥💯💯 New Trueline Motivational Video #viral #trending #ytshorts #motivation #shorts,"Jul 28, 2024",5,3,0.0023,0,2,0
7Aa150YJzWU,True Lines Motivational Video #trueline #viralshorts #ytshorts #motivation,"Mar 28, 2025",7,2,0.0024,0,54,1.85
H8TSX1N-Gpw,🔥💯💯 Best chapter of life 🧬🧬 #lifelessons #motivation #ytshorts #shorts,"Nov 19, 2024",5,2,0.0003,0,28,0
shatFOJi78Q,🧬🧬Life .....|| Life is so beautiful #life #beautiful#viral #trending  #truelinemotivational #shorts,"Dec 17, 2024",6,2,0.0025,0,17,0
uUHUlivwfBk,🔥💯💯 New Trueline Motivational Quotes #trending #trueline #motivation #viral #inspirationalvideos,"Sep 11, 2024",6,2,0.0026,0,20,5
GL8ZdliYhpw,Close Your Eyes and feel this Mantra...... #viralshorts #closeeyes #ytshorts #shorts,"Jan 8, 2025",25,2,0.0016,0,8,0
F8u7KV_p_Ks,🔥💯💯🆕 Trueline Of Life #truelifeline #trending #ytshorts #shorts  🧬🧬🧬🧬🧬,"Mar 5, 2025",6,2,0.0006,0,28,0
_QKGl1aj6Ag,🔥💯💯 New Trueline Motivational Video #trending #viral #ytshorts #motivation #shorts,"Aug 9, 2024",20,2,0.0012,0,26,0
KfQhFjkijR8,Reality Of Life #truelifeline #ytshorts #reality #viralshorts #trending #motivation 🧬🧬🧬🧬🧬,"Feb 23, 2025",15,2,0.0074,0,42,0
LVfIIcBGbJk,🔥💯💯 New Trending Shorts  || Study #trending #viralshorts#studymotivation  #ytshorts #shorts 📓📚📚📚📚,"Jan 5, 2025",15,2,0.0043,0,15,6.67
uNRQ1w34rsQ,✨🧬🧬 Reality Of Life|| True Lines Of Life #reality #truelifeline #ytshorts #shorts 🧬🧬✨,"Dec 16, 2024",6,2,0.0029,0,9,11.11
xkJajCSg2vg,🔥💯💯N ewe trueline motivation video #trending #viral #trueline #motivation #ytshorts #short,"Mar 4, 2024",6,2,0.0017,0,9,0
6dcZKootZm4,Never give up in this Life #truelifeline #treading #viralshorts #ytshorts #shorts 🧬🧬🧬🧬🧬,"Mar 1, 2025",53,2,0.0062,0,34,0
DkBMVj19klw,🆕 Trueline Of Life #viralshorts #ytshorts #trending #motivation 🧬🧬🧬🧬,"Feb 27, 2025",6,2,0,0,28,0
4nZpZao4YRo,🔥💯💯 Reality of Life || New Trueline Motivation #reality#life #motivation #ytshorts #shots,"Apr 30, 2024",7,2,0.0018,0,7,0
YvR8P9LNM74,🔥💯💯 New Trueline Motivational Video #viral #trending #trueline #motivation #ytshorts #shorts,"Sep 15, 2024",5,2,0.0018,0,4,25
5u_gd8RpTcs,True Lines Of Life #truelifeline  #viralshorts #ytshorts #shorts 🧬🧬🧬🧬,"Feb 28, 2025",5,2,0.0014,0,32,0
3f81XO95WDc,🔥💯💯New TruelineMotivational Video#viral#trueline#motivation#trending #ytshorts #inspirationalvideos,"Sep 23, 2024",5,2,0.0028,0,4,25
OhwQNLG0MfI,🔥💯💯  Educational Motivation Video || education will change your time#education#ytshorts #motivation,"Jun 1, 2024",6,2,0.0018,0,106,0
7aqnaEyuG-o,Reality Of Life || True Line Of Life #motivation#reality #true#life #ytshorts #shorts,"Nov 12, 2024",8,2,0.0029,0,15,6.67
rmD-7N3WhUM,🔥💯💯 New Trueline Motivational Video #motivation #trueline #ytshorts #inspirationalvideos,"Nov 5, 2024",6,2,0.0016,0,13,0
8sR6u4ZBi7M,🔥💯💯🆕 Trueline Motivational Video#viralshorts #treading  #truelifeline #motivation #ytshorts #shorts,"Jan 18, 2025",11,2,0.0036,0,15,6.67
TWq0qBK4QhY,New True Lines Motivational Video #trending #viralshotrs #ytshorts #motivation,"Mar 30, 2025",8,2,0.0019,0,65,0
bAUp9n7W15s,Reality of life #truelifeline #viralshorts #trending #ytshorts #motivation 🧬🧬🧬🧬🧬🧬,"Feb 26, 2025",11,2,0.0033,0,28,3.57
iZDTMJYUYqw,🔥💯💯 🆕 Trending Viral Video #trending #viralvideo #ytshorts #shorts,"Nov 28, 2024",5,2,0.0023,0,12,8.33
oFGf0SiNrCc,🔥💯💯 New Trueline Motivational Video #viral #trending #trueline #ytshorts #motivation #shorts,"Jul 21, 2024",5,2,0.0014,0,2,0
zj3oyyX61_0,🔥💯💯New trending motivation video #viral #trending #ytshorts #viral #motivation #shorts,"Jul 24, 2024",6,2,0.0016,0,6,16.67
Rt8nmt2mB4s,Believe in karma #truelifeline #treading #believeinkarma #ytshorts #viralshorts #motivation,"Mar 27, 2025",9,2,0.0016,0,53,0
U27UT8uR_zQ,🆕 Trending Viral Shorts #trending #viralshorts #ytshorts,"Feb 26, 2025",16,2,0.0036,0,27,3.7
LShjurTcLMg,🔥💯💯🆕 True Life Lines Motivational Video #truelifelines #truelinemotivational #ytshorts #shorts,"Dec 17, 2024",6,2,0.0002,0,17,0
ACwArQIK758,Success Motivational Video #truelifeline #trending #viralshorts #ytshorts #successmotivation,"Apr 1, 2025",15,2,0.0012,0,56,0
dKHvoH5cX9g,🔥💯💯 New Trueline Motivational Video #trueline #viral #trending #motivation #inspirationalvideos,"Nov 14, 2024",161,2,0.0103,0,31,0
kccn6GV2AiY,Students life #trending #viralshorts #ytshorts #studentlife #motivation  🧬🧬🧬🧬🧬,"Mar 27, 2025",15,2,0.0004,0,50,0
JEdpIZNGG-Y,🔥💯💯🆕 Trueline Motivational Video #truelinemotivational #truelifeline #motivation #ytshorts #shorts,"Feb 5, 2025",7,2,0.0017,0,7,0
j3r1YRKqz44,SCIENTIST MOTIVATIONAL VIDEO,"Jan 29, 2022",27,1,0.0073,0,24,0
3FiLnbXWkyA,Most Powerful Motivational Video #powerfullmotivation #treanding #viralshorts #ytshorts #motivation,"Mar 21, 2025",18,1,0.0007,0,47,0
Uvqq2uXa130,🔥💯💯 New Trueline Motivational Video #trueline #motivation #shortvideo,"Nov 21, 2024",5,1,0.0013,0,17,0
DtoTWG67fUg,🔥💯💯 Reality Of Life #truelifeline #reality #viralshorts #ytshorts #motivation,"Feb 15, 2025",6,1,0.0004,0,15,0
86j28-9iKog,Golden rule of 3 year # trending motivation video #motivation #shorts,"Nov 13, 2023",12,1,0.0009,0,5,0
tWmY1iaLi1E,Success Demand 6 things #trending #successs #viralshorts #ytshorts #motivation,"Mar 12, 2025",15,1,0.0001,0,44,0
5TGbEjoBO1c,Maa❤️❤️❤️❤️|| True Lines Of Life #trueline #lifeline #ytshorts,"Dec 3, 2024",6,1,0.0004,0,21,0
Sl1sMmY9l1E,🔥💯💯🆕 Trueline Of Life|| Motivational Video #ytshorts#truelifeline  #motivationalclips #shorts,"Jan 21, 2025",6,1,0.0014,0,21,4.76
e3NoXOb6Z9g,🔥💯🧬🧬 Reality Of Life#reality #lifeline  #inspirationalvideos#ytshorts #shorts  🧬🧬,"Dec 15, 2024",6,1,0.0008,0,30,0
pcLpJnTUOMY,✨✨💫🆕 Trending Viral Shorts #trending #viralshort #ytshorts #shorts💫✨✨,"Jan 5, 2025",26,1,0.0006,0,15,0
P97gjkzjQjI,🔥💯💯 Trueline Motivational Video #trueline#motivation #ytshorts,"Nov 20, 2024",12,1,0.0016,0,16,0
cvmU1QOSQC4,🔥💯💯 Happy Basant Panchami ||Jai mata di #viralshorts #ytshorts #basant #panchami2025,"Feb 2, 2025",15,1,0,0,26,0
nOFfokmxhc4,🔥💯💯🆕 Trueline Of Life #viralshorts #ytshorts #motivation 🧬🧬🧬🧬,"Mar 2, 2025",24,1,0.0001,0,24,0
EcVI9QI7r2Q,🔥💯💯 Effect of Right decision in life || Trueline Motivation #efforts #right #decisión2024#ytshorts,"Apr 26, 2024",23,1,0.0019,0,33,3.03
OGZJ-tK-CGw,🗽✨✨ Close Your Eyes and feel this Mantra.......#inspirationalvideos #motivation #motivationalvideos,"Jan 9, 2025",289,1,0.0011,0,69,0
fUJVIA3aXp8,Black Colour : # treading #viralshorts #ytshorts #blackcolor #motivation,"Mar 22, 2025",5,1,0.0007,0,69,0
ZAgDqEYs2iY,🔥💯💯New Trending Trueline Motivation Video #trending #viral #ytshorts #motivation #shorts,"Mar 25, 2024",5,1,0.0007,0,2,0
 -HcQSAnoQBE,🔥💯💯 Trueline Of Life #inspirationalvideos #motivation #ytshorts #shorts 🧬🧬,"Dec 5, 2024",15,1,0.0041,0,19,5.26
dIOkH9K1cKM,🔥💯💯New Trueline Motivational Video #trueline #motivation #ytshorts #shortvideo ✨,"Dec 5, 2024",27,1,0.0042,0,13,7.69
97bfaxEATKw,🔥💯💯🆕 Trending Trueline Motivational Video #treading #truelinemotivational #ytshorts #viralshorts,"Dec 30, 2024",8,1,0.0008,0,22,0
t_Q4oKzy_ZE,Reality of life #treading #truelifeline  #viralshorts #ytshorts #shorts #motivation    🧬🧬🧬🧬🧬,"Mar 4, 2025",5,1,0.0002,0,41,0
at19-LkEvZk,🔥💯💯🆕 Trueline Motivational Video #trueline #motivation #ytshorts #shorts,"Jan 5, 2025",12,1,0.0014,0,26,3.85
Lb2ZM-dsmrM,🗽✨Jay shree krishna✨ #viralshort #trending #ytshorts #shorts,"Jan 4, 2025",41,1,0.0017,0,25,0
feMF41v6L7w,🔥💯💯 Trueline Of Life #trueline #lifeline #motivation #ytshorts,"Dec 4, 2024",6,1,0.0013,0,19,5.26
1mcmuFRa5qU,Reality Of Money 💰💰 #trueline #motivation #power#money#reality  #ytshorts #shorts 💲🏦💲,"Nov 12, 2024",10,1,0.0001,0,11,0
K8IFt4Sy8uE,Trueline Motivational Video #truelifeline #truelinemotivational #ytshorts #motivation,"Mar 29, 2025",6,1,0.0004,0,52,0
7iLrkPO8EJs,🔥💯💯🆕 Powerful Motivational songs #treading #viral#powerful #motivation  #ytshorts #shorts,"Dec 30, 2024",59,1,0.0012,0,102,0.98
y2cRwkWJ49I,🌟🛕🛕 Ram Temple Calibration in Ayodhya # temple # ayodhya || Jai Shree Ram ......,"Jan 21, 2024",31,1,0.0005,0,13,0
CS1lq7gDXYs,🔥💯💯New trending  trueline motivational video #trending #ytshorts #viral #motivation,"Apr 21, 2024",5,1,0.0003,0,13,0
MhGwZZhWWbc,True Line Motivation Video #trending #viralshorts #ytshorts #motivation,"Feb 26, 2025",5,1,0.0002,0,31,0
WVN95GPFpqc,Mahakumbh 2025 #2025 #mahakumbhmela2025,"Dec 13, 2024",23,1,0,0,52,0
 -LQa8JhUNVI,Mother's Love ❤️❤️❤️❤️#trueline #ytshorts #shorts,"Nov 11, 2024",12,1,0.0031,0,15,0
MqIgbAcFI-Y,🔥💯💯 Most Incredible Thoughts || amazing words #Incredible #amazing #thoughts #ytshorts #motivation,"Jun 12, 2024",9,1,0.0003,0,78,0
JnE13enipdI,🔥💯💯🆕 Trueline Motivational Video #truelifeline #motivationalclips #ytshorts #shorts,"Jan 7, 2025",6,1,0.0002,0,20,0
xgW1LNVTFis,✨🔥💯💯WINNERS MINDSET|| SUCCESS MOTIVATION VIDEO ✨,"Dec 12, 2024",31,1,0.0008,0,27,0
ze7QRUyZsUw,🔥💯💯 New Trueline Motivational Video #trending #trueline #motivation #ytshorts #shorts,"Nov 10, 2024",7,1,0.0011,0,16,0
n1G0Ye9sst8,🔥💯💯 New Trueline Motivational Video #trending #viral #motivation #ytshorts #shorts,"May 28, 2024",6,1,0.0003,0,13,0
_LRrqmj5r3I,🔥💯💯🆕 True Line Motivation Video #trueline#motivation #ytshorts#Shorts,"Nov 18, 2024",9,1,0.0035,0,17,0
zSgSpnKjEKo,🔥💯💯 Trueline Motivational Video #truelifeline #viralshorts#ytshorts #motivation,"Mar 21, 2025",8,1,0.0007,0,51,0
84Mdh1-z_SA,🔥💯💯 🆕 True Powerful Motivational Video#powerful #trueline  #motivationalvideos #ytshorts,"Dec 10, 2024",44,1,0.0022,0,38,0
FfMG4phxHNQ,🔥💯💯 New Trueline Motivational Video #viral #trending #trueline #ytshorts #shorts,"Jul 18, 2024",5,1,0.0003,0,2,0
zRUqQ2Zsdbg,🔥💯💯 Goals || Goals of Life #motivation  #viral #treanding #goals #life #ytshorts #short,"Jun 10, 2024",62,1,0.0037,0,6,0
X46S1FVpRJ4,🔥💯💯 Trueline Of Life 🧬🧬#trueline #motivation #ytshorts_ #shorts,"Nov 26, 2024",5,1,0.0011,0,13,7.69
_e5efqImey0,Speak 5 lines every Morning #truelifeline #viralshorts #ytshorts #motivation,"Feb 23, 2025",15,1,0.0013,0,51,0
hLx5YfgyZTI,🔥💯💯 🆕 Trueline Motivational Video #truelifeline #ytshorts #shorts,"Dec 25, 2024",7,1,0.0003,0,11,0
Mw7HrJZP4Ks,🔥💯💯Mew Trueline motivation # viral  # trending #ytshorts #reality #motivational5419,"Jun 12, 2024",10,1,0.0002,0,2,0
77FZilLeadY,🧬🧬 Reality Of Life || Trueline Of Life #viral#realitylines #truelifeline #motivation #ytshorts🧬🧬,"Dec 19, 2024",47,1,0.0125,0,6,16.67
SgLlq-LOJz8,🧬🧬Life Is Very Beautiful ❤️❤️😍 #lifeline #beautiful #ytshorts #motivation,"Dec 5, 2024",7,1,0.0006,0,29,0
d_D13EOGo70,🔥💯💯 New Trueline Motivational Video #viral #trending #trueline #ytshorts #motivation #shorts,"Aug 15, 2024",6,1,0.0014,0,20,5
54PK5DEglH0,🔥💯💯 New True world quote in hindi #motivation #ytshorts #shots,"Mar 28, 2024",5,1,0.0002,0,6,0
dCqFkmwHR0I,🔥💯💯 New Trueline Motivational Video #viral #trendin #trueline #motivation #ytshorts #shorts,"Oct 7, 2024",11,1,0.0014,0,15,6.67
9xYNGy1nRO4,🔥💯💯 New Trueline Motivational Video #trending #trueline #motivation #ytshorts #shorts,"Nov 3, 2024",5,1,0,0,3,0
4g9bA_vRj98,📓📖Power of books📓📚#trending #viralshorts #books #ytshorts #shorts 📚📚📚📚,"Mar 4, 2025",5,1,0,0,31,0
RuY_9sQ8K1g,🔥💯💯 🆕 Comfort place for introverts and overthinkers?#trueline #ytshorts #motivation #shorts,"Dec 22, 2024",10,1,0,0,22,0
O_1-PrVj69I,📚📚📚📚📓Reasons Of Not Focus On Study #study #students #focus #studymotivation #youtubeshorts📚📚,"Dec 12, 2024",24,1,0.0032,0,18,0
mZibI4VQqCY,🔥💯💯New Powerful Trueline Motivational Quotes #powerful #trueline #trending #motivation #shorts ✔✔💢,"Apr 9, 2024",62,1,0.0124,0,9,0
mf0vtrgmzIE,🔥💯💯 Mosr powerful true lines motivation video #trueline #motivation #powerfulmotivation,"Nov 10, 2024",11,1,0,0,11,0
uRauujbQJ84,🔥💯💯 New Trueline Motivational Video #viral #trending #trueline #ytshorts #shorts,"Aug 14, 2024",6,1,0.001,0,10,0
ym0TewzzWiY,🔥💯💯 New Trueline Motivational Video #trueline #motivation #ytshorts_ #shortvideo,"Nov 23, 2024",5,1,0.0013,0,13,7.69
IhGSAXfkWpc,Finally 1K subscribers complete ✅ thanks for supporting me # you tube # shorts #1k,"Nov 9, 2024",14,1,0.0037,0,18,5.56
6zLmsP9Tv64,🔥💯💯 Reality Of Life || Trueline Line #trending #truelifeline #motivation #ytshorts #shorts,"Jan 6, 2025",14,1,0.0011,0,14,0
czIYX3PJjTo,🆕 Trending Viral Shorts #trending #viralshorts #ytshorts #shorts,"Mar 2, 2025",10,1,0.0002,0,38,0
NJObpqYZISU,🔥💯💯 New Trueline Motivational Video #trueline #trending #viral #ytshorts #motivation,"May 14, 2024",14,1,0.0028,0,3,33.33
rVpBEoEbF80,🔥💯💯🆕 Trueline Of Life #motivation #ytshorts #shorts 🧬🧬🧬🧬🧬,"Jan 23, 2025",5,1,0.0014,0,36,0
fLbgMSZU-RA,🔥💯💯 New Trueline Motivational Video #trending #trueline #motivation #ytshorts #shorts,"Nov 6, 2024",14,1,0.0011,0,10,0
QR2fjHDc0P4,🔥💯💯  🆕 Trueline Motivational Video || Discipline || Success #motivation #discipline #success #shorts,"Dec 15, 2024",24,0,0,0,6,0
VZ_V0oa1TAM,🔥💯💯New Trueline Motivational Video #viral #trending #trueline #ytshorts #motivation #shorts,"Sep 18, 2024",7,0,0,0,4,0
4mow2Xq85a4,🔥💯💯🆕 Trueline Motivational Video #trueline#motivation #ytshorts #shorts,"Dec 28, 2024",6,0,0,0,22,0
zdjf_IinyRA,🔥💯💯 Trending Viral Shorts #trending #viralshort #ytshorts #shorts,"Jan 4, 2025",15,0,0,0,15,0
mtUSPGjbnZc,🔥💯💯 New Trueline Motivational Video #trueline #viralshorts #inspirationalvideos #motivation,"Oct 17, 2024",6,0,0,0,10,0
iM9WrFnnicg,🔥💯💯New Trueline Motivation Video #viral #trending #ytshorts #motivation #shorts,"Apr 6, 2024",4,0,0,0,2,0
UE09xEytMPI,🔥💯💯 New Trueline Motivational Video #viral #trending #ytshorts #motivation #shorts,"Jun 6, 2024",15,0,0,0,2,0
wWyEqN1csL0,New trending motivation #viral #ytshorts #trending #short #motivation,"Jun 15, 2023",10,0,0,0,9,0
wWTUPKA7gtw,🔥💯💯 Trending Viral Shorts #trending #ytshorts #viralshorts #shorts,"Feb 27, 2025",18,0,0,0,29,0
oEtTk--GfMQ,🔥💯New viral motivation #trending #ytshort #motivation #shorts #shorts,"Jun 18, 2023",4,0,0,0,3,0
qKlkHOsacJw,🔥💯💯New true Powerful motivational video #viral #motivation #powerful #true#ytshorts #shorts,"Dec 2, 2023",28,0,0,0,5,0
rhBMqPN9rLw,🔥💯New motivation video for every students #viral #trending #ytshorts #motivation #shorts #students,"Jun 21, 2023",5,0,0,0,10,0
EL6qJGPYgMY,🔥New Motivational Video # viral shorts  # ytshorts # motivation,"May 14, 2023",5,0,0,0,5,0
7o2xfo9DwjM,🔥💯💯New motivational video #trending #ytshorts#success  #motivation #shorts,"Nov 13, 2023",8,0,0,0,2,0
qTDHTj_u25c,🔥💯New motivation video #trending #ytshorts #motivation #shorts,"Sep 2, 2023",16,0,0,0,2,0
wZnv4Q75LxY,🔥💯💯🆕 Trueline Motivational Video #truelifeline #ytshorts #motivation #shorts,"Jan 2, 2025",6,0,0,0,14,0
Gl5T1tKni9w,🔥💯💯 New Trueline Motivational Video #trending #viral #motivation #ytshorts #shorts,"Aug 28, 2024",6,0,0,0,3,0
ZerVn48ZsP4,🔥💯💯 New Trueline Motivational Video || success motivation video #motivation #trueline #ytshorts,"Nov 22, 2024",6,0,0,0,12,0
QmYv8774nzU,🔥💯💯 New trending Trueline Motivation Video #viral #trending #ytshorts #motivation #shorts,"May 18, 2024",6,0,0,0,7,0
XpCyZ5QXnuU,Successful Motivational Quotes #success #motivation #truelifeline #viralshorts #shorts,"Feb 16, 2025",5,0,0,0,16,0
X1f0OlIGuzo,🔥💯💯New treanding motivational quotes #trending #ytshorts #motivation #shorts,"Nov 5, 2023",6,0,0,0,4,0
Q4HOxRzz_kA,🔥💯💯 New Trueline Motivational Video #motivation #trueline #ytshorts #shorts #inspirationalvideos,"Nov 9, 2024",18,0,0,0,9,0
_9FaTumdfs8,🔥💯💯 Trueline Motivational Video #trueline #motivation #ytshorts #shorts,"Dec 19, 2024",13,0,0,0,37,0
sFw5oyw-n9o,🔥💯💯New motivational video #motivation #ytshorts #trending #shorts,"Nov 30, 2023",7,0,0,0,2,0
eQ6A4blQm8A,🔥💯💯 New Trueline Motivational Video #viral #trending #trueline #ytshorts #shorts,"Jul 31, 2024",6,0,0,0,3,0
88gxWuJpO0A,🔥💯💯 New Trueline Motivation Video # trending #trueline #motivation #ytshorts #inspirationalvideos,"Nov 1, 2024",5,0,0,0,3,0
2qlUy13RW44,🇮🇳🇮🇳Jai Hind🌺 Vande mataram🇮🇳 || 26 January🇮🇳 happy republic day #viralshorts #26january #ytshorts,"Jan 27, 2025",38,0,0,0,11,0
YGJ9Y54VCTk,🔥💯💯🆕 Trueline Motivational Video #truelinemotivational #inspirationalvideos #ytshorts #shorts,"Dec 28, 2024",15,0,0,0,15,0
BEDSXnroxy0,🔥💯💯🆕 Trueline Motivational Video #trending #trueline #ytshorts #shorts,"Jan 9, 2025",6,0,0,0,7,0
hSwzbpWjZMg,🔥💯💯New viral selfrespect  motivation video #ytshorts #selfrespect #viral #shots,"Mar 21, 2024",5,0,0,0,2,0
OV8o-8WMewo,🔥💯New  treanding motivational video  #ytshorts #motivation #shortvideo,"Nov 10, 2023",6,0,0,0,10,0
nLOGYvQuxok,🔥💯💯 New Trueline Motivational Video #truelifeline #truelines #motivation #ytshorts_ #shorts,"Nov 26, 2024",6,0,0,0,12,0
AScVl3wJoV0,🧬🧬🧬🧬 Reality Of Life|| Success Motivation Video #truelifeline #motivation #ytshorts #shorts,"Dec 9, 2024",5,0,0,0,9,0
YZ8nvm6m58c,🆕 Trending Viral Video #trending #viralvideo #ytshorts #shorts,"Dec 19, 2024",16,0,0,0,4,0
y74qta1XlFc,🔥💯💯 New Trueline Motivational Quotes #trending #trueline # viral #ytshorts #motivation #shorts,"Sep 17, 2024",5,0,0,0,7,0
UXYH1ZsRTbk,🔥💯💯 Reality Of Life ||  Trueline Of Life#reality #truelifeline  #lifequotes #motivation #shorts🧬🧬🧬🧬🧬,"Jan 16, 2025",10,0,0,0,13,0
Ak1xsCj2A3M,🔥💯💯New viral motivation video #trending #ytshorts #motivation #shorts,"Nov 24, 2023",7,0,0,0,2,0
6nV40JJnZow,🔥💯💯New Trueline motivational video #trending #viral #ytshorts #shots #shots,"Apr 11, 2024",6,0,0,0,2,0
Kg0GQpaGTpQ,🔥💯💯 New trending motivational video #treading #ytshorts #motivation #shorts,"Dec 4, 2023",4,0,0,0,4,0
LxpfTuhWKt0,🔥💯💯 New Trueline motivational video #viral #trending #ytshorts #motivation #shorts,"Jul 4, 2024",5,0,0,0,3,0
xP7ecXo93Wg,🔥💯💯 Reality Of Life #truelinemotivational #realitylines #ytshorts #shorts,"Jan 15, 2025",11,0,0,0,14,0
oqamBJ8eEVU,🔥💯💯 Reality Of Life|| True Lines Of Life #reality #truelifeline #motivationalclips #ytshorts #shorts,"Dec 16, 2024",6,0,0,0,7,0
MPCXhDNgVTQ,🧬🧬🆕 Trueline Motivational Video #trueline #trending #viralshorts #ytshorts #shorts 🧬🧬🧬🧬,"Jan 6, 2025",6,0,0,0,15,0
vH5h3bYeVRQ,🔥💯💯 New Trueline Motivational Video #motivation #trueline #motivationalclips #ytshorts #shorts,"Nov 9, 2024",8,0,0,0,17,0
6R1qvcwFeI8,🔥💯💯Dream || Trueline Of Life #motivation #dreams #trueline#lifemotivation  #ytshorts #shorts,"Dec 30, 2024",6,0,0,0,18,0
B54-_doumQE,🔥💯💯 New Trueline Motivational Video #viral #trending #ytshorts #motivation #shorts,"Jun 16, 2024",5,0,0,0,2,0
2juFz3-9r-0,🔥💯💯 New Trueline Motivational Video #viral #trending #trueline #motivation #ytshorts #shorts,"Sep 27, 2024",7,0,0,0,9,0
lBvKFyBUMV4,🔥💯💯New Trueline Motivational Video  ||  Mind  Relaxing #motivation #trueline #trending #shorts,"Sep 17, 2024",9,0,0,0,5,0
1nxa94JCB68,🔥💯💯 New Trueline Motivational Video #viral #trending #trueline #motivation #ytshorts #shorts,"Sep 20, 2024",7,0,0,0,4,0
xf71CIo2FXI,🔥💯💯 Reality Of Life ||  Trueline Of Life #trueline #youtubeshorts  #truelinemotivational 🧬🧬🧬🧬,"Dec 2, 2024",15,0,0,0,9,0
GM2HMXot4ok,🔥💯💯. Sukoon of Life|| Trueline Trending Viral Shorts#ytshorts #viralshorts #motivation #shorts 🧬🧬🧬🧬🧬,"Feb 14, 2025",6,0,0,0,18,0
qRlaPirzGmQ,🔥💯💯  Trueline Of Life Motivational Video #trueline #life #motivation #ytshorts #shorts,"Dec 8, 2024",6,0,0,0,149,0
QtZ4Rb0-Mvc,📚📚📓 🏆🏅 SUCCESS DEMAN || SUCCESS DEMANS ALWAYS  SIX THINGS #success #ytshorts #shorts 🏆,"Dec 28, 2024",7,0,0,0,27,0
xWFgNYEPtF8,✨💫Comming soon 2 February 2025 #trending #viralshorts #ytshorts #shorts #2025✨💫,"Jan 18, 2025",13,0,0,0,19,0
tUvkM6GtTyY,🔥💯💯 New Trueline Motivational Video #viral #trending #ytshorts #motivation #shorts,"Jul 5, 2024",6,0,0,0,10,0
 -Boc6OawEW0,🔥💯💯🆕Trending True Lines Motivational Video #truelinemotivatn#trending #viralshorts#ytshorts #shorts,"Jan 25, 2025",5,0,0,0,14,0
zSDUtfPgPB8,📚study|| short 📖|| Motivation  vedio #shorts #lines #motivation,"Mar 9, 2023",27,0,0,0,11,0
fZZVy9zpKZY,🔥💯💯🆕 Trueline Motivational Video #truelifeline #viral#motivation #ytshorts #shorts🧬🧬🧬🧬,"Jan 8, 2025",6,0,0,0,11,0
eE4Erw1vyy8,🔥💯New motivational video # viral # trending  # ytshorts # motivation,"May 17, 2023",8,0,0,0,2,0
bQbdyKJEmbc,🔥💯💯🆕 Trending Viral Shorts #truelinemotivational #viral #ytshorts #shorts,"Jan 16, 2025",40,0,0,0,16,0
U3W6ca6Ww6M,🌷🌼🌼 Jai shree krishna #viral #trending  #trueline#ytshorts #shorts,"Nov 21, 2024",17,0,0,0,12,0
sjLNGQlm3JM,🔥💯💯New trending motivation video #trending #ytshorts #motivation #shorts,"Dec 3, 2023",5,0,0,0,2,0
KaL4kpoo98U,🔥💯 New motivation video # viral #ytshorts #motivation,"May 16, 2023",6,0,0,0,4,0
ra9ThG90gMg,🔥💯💯 New Trueline Motivational Video #motivation #trueline #ytshorts #inspirationalvideos #shorts,"Nov 8, 2024",4,0,0,0,13,0
ED8Sby8CY48,🔥💯💯 New Trueline Motivational Video #newtrending #trueline #motivation #ytshorts #shorts,"Oct 23, 2024",5,0,0,0,8,0
x-9ZdCtolhs,🔥💯💯🆕 Trending True Lines Motivational Video #inspirationalvideos #motivation #ytshorts #shorts,"Dec 26, 2024",9,0,0,0,20,0
WptznSBHTKM,🔥💯💯New Trueline motivational Video #trending #viral #ytshorts #motivation #shorts,"Apr 19, 2024",6,0,0,0,2,0
 -c2bZh8m8XA,Bhagwat Geeta IN ONE MINUTE (Hindi)#bhagwatgeeta #treanding #viralshorts #motivationalclips,"Jan 10, 2025",58,0,0,0,6,0
TwyVrSxc9d4,🔥💯💯 New trueline motivation video #viral # trending #trending# short,"Mar 3, 2024",7,0,0,0,2,0
zxcv0LHfcWY,🔥💯💯 New Trueline Motivational Video #trending #viral #motivation #ytshorts #shorts,"Aug 12, 2024",11,0,0,0,3,0
7V1M8ksRJEc,🔥💯New motivational video #trending #ytshorts #motivation #shorts,"Sep 4, 2023",22,0,0,0,3,0
xoYb-TI99-E,🧬🧬✨ Life is a Game #truelifeline #motivation #ytshorts #shorts ✨🧬🧬,"Dec 13, 2024",6,0,0,0,24,0
ZMRlAbfgc4A,🔥💯💯New trending Trueline Motivation Video #viral #trending #ytshorts #motivation #shorts,"Apr 22, 2024",10,0,0,0,16,0
KLqVVLWagXE,🔥💯💯 New Trueline Motivational Video #viral#motivation  #trending #trueline #ytshorts #shorts,"Sep 20, 2024",6,0,0,0,5,0
fBMmY9uHlEY,🔥💯💯🆕 Trending Viral Shorts #truelifeline #truelinemotivational #viralshorts #ytshorts #motivation,"Feb 15, 2025",6,0,0,0,12,0
693MzXRg1-s,🔥💯💯 New Trueline Motivational Video #trending #trueline #motivation #ytshorts #inspirationalvideos,"Nov 5, 2024",6,0,0,0,13,0
VHW_lJU7SbQ,🔥💯 New motivation video # viral # treading # ytshorts # motivation,"May 23, 2023",9,0,0,0,3,0
yzcr0zwDeR4,🔥💯💯 New Trueline Trending Motivation Video #trending #viral #ytshorts #motivation #shorts,"Aug 10, 2024",8,0,0,0,3,0
TsdgvwKcyEQ,🔥💯💯 Every student feelings 📚📚✅ #motivation #student #ytshorts #shorts,"Nov 17, 2024",15,0,0,0,17,0
xtAJZXnh7Ok,🔥💯💯🆕 Trueline Of Life Motivational Video #lifelessons#truelifeline #motivation #viralshorts   🧬🧬🧬🧬,"Jan 27, 2025",5,0,0,0,11,0
lSoMiXYU_H4,🔥💯New viral motivation video#trending  #viral #ytshorts #motivation #shorts,"Jun 20, 2023",6,0,0,0,4,0
4oLfw9Tv5g8,🔥💯💯 New Trueline Motivational Video|| Success #trueline #motivation #success #ytshorts#shorts,"Nov 14, 2024",24,0,0,0,10,0
tzNc8sjtlK4,🔥💯💯 New Trueline Motivational Video #viral #trending #ytshorts #motivation #shorts,"Jul 21, 2024",6,0,0,0,4,0
ZYF0C33JoV0,✨🧬  openly and enjoy your day|| Trueline Motivational Video #trueline #motivation #shorts 🧬✨,"Dec 16, 2024",6,0,0,0,15,0
uomMAvPSEks,🔥💯💯New Trueline Motivational Video # motivation #ytshorts #shortvideo,"Oct 19, 2024",5,0,0,0,10,0
Rgbs-HkLsKc,🔥💯💯 Trueline Motivational Video || Success Motivation #trueline#viral #success #motivation #tshorts,"Jan 6, 2025",9,0,0,0,6,0
J3XR8YjkcAg,🔥💯💯New Trueline Motivational Video #viral #trending #ytshorts #inspirationalvideos,"Jul 24, 2024",6,0,0,0,2,0
IGiikgPByOE,🔥💯💯  🆕 Trending Viral True Line Success Motivation Video #trending #ytshorts #motivation,"Nov 30, 2024",9,0,0,0,12,0
zizi2a7npDE,🔥💯💯🆕 Trending Viral Shorts || Truelifeline #trending#viralshorts #motivation #ytshorts #shorts 🧬🧬🧬🧬,"Jan 15, 2025",18,0,0,0,14,0
1S-1p99i-To,🔥💯💯 New Trueline Motivational Video #trueline#motivation #ytshorts #shorts #inspirationalvideos,"Nov 1, 2024",6,0,0,0,4,0
r_i3FdXfmco,📚📚📓 Students life is  not easy #motivation#student  #studymotivation#ytshorts #shorts  📚📚,"Dec 18, 2024",16,0,0,0,12,0
cTknA0kbnrI,🔥💯💯 New Trueline Motivational Video #viral #trending #trueline #ytshorts #shorts,"Aug 8, 2024",6,0,0,0,3,0
3ZtmL5oZk70,🔥💯💯True lines motivation video #trending #ytshorts #trueline,"Feb 28, 2024",7,0,0,0,2,0
KzWoLQ5-zSU,🔥💯💯 New Trueline Motivational Video #trueline #inspirationalvideos #ytshorts #shorts,"Dec 8, 2024",7,0,0,0,12,0
FpVoOPcMx3c,🔥💯💯 Reality Of Life || Trueline Motivational Video #trending #truelinees #motivation #ytshorts,"Oct 26, 2024",14,0,0,0,10,0
IkIT5jSYlsY,New viral motivation video #viral #trending #ytshorts #motivation #shorts 🔥💯.......,"Jul 2, 2023",7,0,0,0,3,0
s3eD_bBxXOs,🔥💯💯New best successfully motivation video|| rules of success #ytshorts #successmotivation #shorts,"Nov 21, 2023",5,0,0,0,6,0
OGKfXjAPeiY,True words....✍||# Trending || #Motivational video #shorts # motivation,"Apr 4, 2023",14,0,0,0,6,0
KVaQ_mamGRY,🔥💯💯New Trueline Motivation Video #trending #viral #motivation #ytshorts #shots,"Apr 1, 2024",6,0,0,0,2,0
aJ0jQjj6YxA,🔥💯💯 New Trueline Motivational Video #viral #trending #trueline #motivation #ytshorts #shorts,"Aug 17, 2024",8,0,0,0,11,0
RI5uA-Iwk4w,🔥💯New viral motivation video for students #trending #ytshorts #viral #motivation #shorts #students,"Jun 21, 2023",6,0,0,0,3,0
hahrQ0wuueQ,🔥💯💯 Happy Basant Panchami Jai Maa Saraswati #basantpanchami #viralshorts #ytshorts #2025,"Feb 2, 2025",33,0,0,0,9,0
iI-QPJxV6P8,🔥💯💯 New Trueline Motivational Video #viral #trending #trueline #ytshorts #motivation #shorts,"Aug 6, 2024",6,0,0,0,3,0
XsKvg19iU7s,🔥💯New viral motivation video #trending #ytshorts #motivation #shorts,"Jun 19, 2023",5,0,0,0,4,0
